mp_id,date,source,title,link
312,2026-06-21,اليوم السابع,سقوط طائرة مسيرة قرب منزل رئيس البرلمان العراقى - اليوم السابع,https://news.google.com/rss/articles/CBMiowNBVV95cUxOQnZxWE9hSFhNdlZFeDJtUDd6ZGVKb3RhZjlCQ2lMX3IyTjU4VG44RkFOYUlKZEI1c3ZNNUp5NGx3U3phSmJENEMwQ2ZsQTJ6WFk4OTJUUHBHZ3JrMm9vTE0tZ2dvZ0g1NlFEMGF3Vk0zemZLeXV3WGFhYlhKMmZ2Sm5uR3l2eEtuRVh1Q291cHBVMVBUcXVCSmdGVUwzdDVBaXdjYzdXeXhVdEUzcmx3QWZYT0dwN25kcXY0bHZzeU1ZaGktNTl3eUpFWDdVV3J0a1lBa0JKTXg4Y2F0Sy1XSkllRXBWdGxOUXd0Zm9qVEQ3djJGSTZ2UkpuS29DTjl2dkpfdEYzNGM2bFVZSm00SklmLXhBN0x0M1lUbVlMLWFrbHlkVU9heS12NGxjRmQ3bExlT21hbG9aaGlURE1pSHdUUF9VenZkQnBPdVBjY0pZRnBGc0YzdmRlbmRVUnA1NGxFVGJodnlhWWRrdlNIOFJiajNGcU9KYWY3eWxwYkwwcEE1TUhCSGZPTVBVQmFYckk0RmdudmRIaVZlOS1xamhlUdIBngNBVV95cUxQVEdxcFJaT29BaHdnU2phRWxMWkJMRm4tb2xWVG0xX3czT0RIOXFDRlBBYlpDVEJYNVprOE1Vb29odTNBdlJ2NldmQi02M3NaVU9yTkctSEdpOXFDMTVrbFBId1BKbGZwcFF5U2JSQWNZaTUtWllSN2JIV1NhNUtPWkotNUlCcTNVQTJ2VEhfcHowcFRQbU9zdkRLOFN1bm5ZcWxXQ0p6bXZfUEJraFlERUlxQTctQjVwWUVFdUV4S2JjTTg5TGZsLUowSGJMZmxZN2g2aVJSbm5GeklQYXI5aTJGa2ZEcUFmWG5fYzdNNm1QcF84Wk05bk43TVNRVFEzM0VINnFVX1Q4X1Q2RkNNbEk3Q3lKT3laaU03MUNZSG1RQVVEMmRFSEJGTDdsaDB1c2hvb1R0RjVZZVZpS2FIOUNBZlZmNzJTWkxsWC1hTnZCNTZLWUNtUE5UNnBzdHFoOW4zSVl1Rkhpckw3VWo2b3pyTjM5dGg0QndNREVmZ1lwZ2ZhRURxcTlxMjhwTEd0Q1NEa25EN1BqNGJhX3c?oc=5
312,2026-06-21,الشرق الأوسط,استهداف منزل رئيس البرلمان العراقي في الأنبار بطائرة مسيّرة - الشرق الأوسط,https://news.google.com/rss/articles/CBMiqAVBVV95cUxPSzZ0RFdLbWxmNV9YSmdYRkpQa2FsRnFyZk9yQUFxVndjbENDVmx0RklRMXN3R2QzQVFNUXRNdElqWVJIRUpuLWlSNTFDSGJCMTRrdlZnMHFXZ0ZOVG9SZmVjQS1zSFc4UGd5TnhTNTYzZlo0dGJmLTZ1MXViTWtkOThYaWdHeHVBSTExUXBxRno0LVVCUExGdTZxMXRKR3Y2ZEJva090Y3FRdF9kR1Y3UjZYb25fTUVzRklBYnp3YVNDZ1hWZWdYeUlkQXdJeUg2YkhHVFljUEFkZmt6MWFzX1dwNkw0ZDh0eWd3TkZvY3J4OFUxVHZzU0ZRSWRvNWVtOXlmZkRwLWdQMjJqb0d3ZVhORWw5VEJQSDNUM2FPekZ0SHk3TGZhT2FmbjYtbkZ6WlVHaHVPTjVUNGNoMlV6Ry1FSHBrX1pxMmE4aGUyTzBia2RBbjVLb2NqbDhfQTBiY1R2ZlAzWW1ObnNOS1NMaEZmMzRQYkpMdF9hM0x3VUJCempNN1hPUlZSek9nNW5Ea1JMMmtlZ0tDeng0akhQdmpuZlllWlpKTWlRYThDU1FEeTB2MEpzdVo5dnhPV1VUNnZoTzZfRVdtLWpTaUNjazdDMnl5dXJ6bHpPRVU3ZEFWMjNweFdtZFB4QUVmcDZnMVEtenE0cjcyQWRnRFd2WVlQSlR0bmZrS01EdjAydUFieU94bnNCVW04c3NwekV5NWdpYnkzUWViVzBfZkZfNlJGR2ZoQ3A4SWh0Vm1VYnZuY2h2QnZGR3F2UnZENi1YSXhFeUphYTQ4NWhnRE5mUGNZOUozNlMyMzY5NHI4UzAydzVXakN0b0dZWUJKUWRnZnRHZnpQbmhqdUlrbEtodzQ5QUxfRGowMGtpTG5OMTI4SXZmcHhUMA?oc=5
312,2026-06-20,middle-east-online.com,هل تعرض هيبت الحلبوسي لمحاولة اغتيال؟ - middle-east-online.com,https://news.google.com/rss/articles/CBMi0gJBVV95cUxObGp2U2ttdXRseHl5UFd3cnFFb2dsRGN1dHlqRDJJbEdIU0xBZl9fRHRFeTFWaWx3NFVqc0dQT1FZT2IxVlQyZkhjOHoteUNsVzE2RV80ajUwMEc4N21zUm9IU2dmNXRSVzlFMm52ckFfNUJ0UlJQTlRDNzFzWmVzUk1XY2hPTkY4dnRVX09yb29rbEVzTDVrRFBWM0JQSk44aDJlM2JVcmdyWHlqUnNLSnZLc2FLSHY4YTZyQVV2WkZHWTRfdGxHbWpDaDRRLTNSV2FuaFg2MS1WSkkzQUpLcVpIMDhaSEZ5eEp5b1p0Ukh1bnVjV3J4blFVMFBPWE9yYWluSzM2MGRHNWxvb3QybFhPNWJvQkVsX1E0aFktakRoajVURmVMY3pnYUxKZW9yUnppcF9QbVp1ZmR6RzFQb2txWWl4aVdRaDZQekZLV28zZw?oc=5
312,2026-06-22,جريدة القدس,سقوط مسيرة قرب مضيف هيبت الحلبوسي في الأنبار وتفاعلات سياسية - جريدة القدس,https://news.google.com/rss/articles/CBMiT0FVX3lxTE1wZnBLVk1QMXZGSHdDeEx5aUpSaWdrZUdrS1RubkZ1Q21kRWhBMF9zSlR0WU5TUzRjWE1EdHBweWVDd0ZDbjlTbWt4azFEQWc?oc=5
312,2026-06-21,القدس العربي,العراق: سقوط مسيّرة قرب مضيف الحلبوسي يثير عاصفة غضب - القدس العربي,https://news.google.com/rss/articles/CBMixwJBVV95cUxPUC1TOHJsSE1kQXJGSThYTzJqNGRMSVIxV1JJekxjcVFrdHBZS1ZGak15U3NkZ0VVUzJEdjNwbUotWmxEd2FOd0NDRDVyN3JfQmRZa2Q0SkszZ1RYYXNEc0JTNTdXZHh0R1JxTDBycC0taE5IenI1YmpLMjRfZlVBTXY3NGFsbHNkUnMxN0FaUXlsR0JTZ2pITWhyRkZoYkxhQzFPMUFFOG5ZS1R3RXViVS01NjFnSmJSTE0ySlZtUU43VUlKVWFfbEVkaV94SG13b2JiZkpKVmFaaFlTajRQaUNWeFJSQlNKSjNXQ0ZRaURScDNNRlRBTHVRZnVuV01xa29qUGp6a0dib3BiNjh0UUR2ZXJ6c0xVektURDRSS3dlUkhFTDUySmlmcjg0RjQyelJRN1hlSExKajhlXzFiX3ljc2g3VmM?oc=5
312,2026-06-21,إرم نيوز,"العراق يكشف نتائج التحقيقات الأولية حول ""استهداف"" منزل الحلبوسي - إرم نيوز",https://news.google.com/rss/articles/CBMiXEFVX3lxTE1JSE9FVkY2NmdVRmYxZFd5eTQzYlZzZFB5WC1KMm9vejN4aTdPVkN5eVBvT0tJRmUwMUNJbjVhN1h1Nnh2cThhTXpERV9NOUJOQkd2alZaMzMxVjhZ?oc=5
227,2026-06-21,مجلس النواب العراقي,نائب رئيس مجلس النواب فرهاد أتروشي يدين إستهداف مضيف رئيس مجلس النواب، ويطالب الجهات الأمنية بفتح تحقيق عاجل لكشف المتورطين في الحادث – مجلس النواب العراقي - مجلس النواب العراقي,https://news.google.com/rss/articles/CBMi0AJBVV95cUxNNF9RYkdfZkZFQXAtNDFxUzVibVE3ZTZLZEsyUTg3dWpIejA5N2NFYjlqeXVsV0Q0MTI0S0EwVFB6Mnl4OXlxbWk5QjdMV1JYNFdmdVJYSkthMWxzbmZmaTBUcnU1ZlA2SUJheE03elNLRGJWQU1TNGRiYnRYMi1mRUF2Q0NhU0M2T18zSU1vV3dvb2hkZUZoejZZVnZ6Q3h4WFhzSHNXS25GYUFmalNzaHVxTUtqSGdvM0xqeHpFYlhMbFRNUk5tVHFsbFpCTU9tc2lQSlh3c2tDVUgxc1RwbXMzTmhPUGdOeExXaGM0Zm1sTjRsaVU2cHB6TG9PYW9yU3dkSnhIbERHejNKc1VzLVhsM0Y0YXdqTWE5TmV2azI5ZEVQcFpVOUY5WGQwNko2a3c0NVFxSjVvWFdwdGFtQmhhZVFEMjVaUlU0bUpHYlY?oc=5
227,2026-06-14,rudawarabia.net,الأتروشي بشأن التصويت على رئيس أركان الجيش: لا يترتب عليه أي أثر قانوني وسنلجأ للقضاء - rudawarabia.net,https://news.google.com/rss/articles/CBMiZ0FVX3lxTE90dEtGMGhjYW03Y3B5NFRTdlAxellhY3VrYkpZNGVING1LRUtjZ2l2YzdmUU9PRVY4dFExSVlVN2k1ejc0R1NmZG1ZNi1CUTROeno3U1hIVDZHVm5WNWFHX0xsRjFxVTA?oc=5
227,2026-06-18,مجلس النواب العراقي,نائب رئيس مجلس النواب فرهـاد أتروشـي يعزي عائلة الطفلة الكربلائية (رقية)، ويؤكد أن ماقاموا به أهالي حلبجة و هورامان من عمل إنساني ومراسم تشييع، يجسد اللحمة الوطنية بين أبناء شعبنا – مجلس النواب العراقي - مجلس النواب العراقي,https://news.google.com/rss/articles/CBMizgJBVV95cUxQWHQ1aDRSYUxqLXpPYUxrUWEyRHhDM296T2VNVGhWZy1GaTkwZWRNXzdrLVJqUXE0NkkzaXNiZElaZUQ4cXdGT1p6MVNXNktvXzlyck1EdkU4MXhyQmRONno2aGxhajF3RFZUWk5UUVVQTW5UaElrRmtlM3U2cm1JYkJfSk5NUWp2UjNhTGo4di1wWFJ2bFNLYXNNRWYzVUNvX2dvcTJxUklIdlpKWDBGbEtSVnhpWjdtUUQzY1Y3cDRpNHJmdFNLMm9tQzlZZWtLTUNvYjRIZlE0QzJzcDRfQUM2NG55SGRTOVp0R3hXQ0hQQ1c1dEFzWWlLMmdHaWtIazZLNkdhWXRJTWtBX241emRZQi1NUEJEY2VsSTRZMlV0Q2F4ckVqeFR6dklSSDdNbTJFbzdjX24zZXRmZ1RSQXRDNWx6TmNoc0NfcDN3?oc=5
227,2026-06-05,وكالة الانباء العراقية (واع),الأتروشي يؤكد على ضرورة تعزيز الجهود الوطنية والدولية لحماية البيئة - وكالة الانباء العراقية (واع),https://news.google.com/rss/articles/CBMiUkFVX3lxTE1MN0dhc2hrM3VuVG96cFZmY0drMUhzTE8teGNIQ01mT0hBSHFLRFZldDAtNEZaejRjcWtWTkMxa3o1SVBuOUhGUXlSOTFnMjFWNVE?oc=5
227,2026-06-05,مجلس النواب العراقي,نائب رئيس مجلس النواب فرهـاد أتروشـي في اليوم العالمي للبيئة، يؤكد على ضرورة تعزيز الجهود الوطنية والدولية لحماية البيئة ومواجهة التحديات المناخية – مجلس النواب العراقي - مجلس النواب العراقي,https://news.google.com/rss/articles/CBMizgJBVV95cUxOZEFUdW8yem1LR3Mtamh5aWMwOXVCd3NwdHhQV3BvUXBLVmZOaWZpdWpMdGFZUHhQY1JHYTJrTWJTZkZ3WWs2dHVrNnpBTzdXMlJMY2tpM1oyQjVUWW9OWDJ2dUU2UzVlWU5zWHZVOHRrdFdQS2MxMmFWUXVVMGdFUkhkSEhwOUttajUzVDZrUUFCeHRFZ3BzREpNaU5UYUhHbWRWU0QzbzNiWnBXRko4cFNTcGJoMmtsTEdvd1FPTDcxenJsa2N2cGRVdGVHVzFVMXN1Q3JENWFHQmRyd0U1eWtPeWR4MTh4SEFvdEhTN3U1X1gtaXI1Q1dwN25HenhrNTB5SU00WXVRbGRISE0ta1RVT0IyUDRKRG9OQ2JYWVJwRFZTZmNJVlBoRWZZTk9MeE00TDd0NmpUMW9mQmVCMnNIRHE1bG9RRS1QbGRn?oc=5
227,2026-06-08,مجلس النواب العراقي,نائب رئيس مجلس النواب فرهــاد أتروشـي، يعزي بوفـاة الإعلامي هلكوت عزيــز - مجلس النواب العراقي,https://news.google.com/rss/articles/CBMizAJBVV95cUxNa2ZvR0ZGVkRBSUVCSEVFeXRpRWR5OUNneXR2WW5Ga3NkcWNxYzV3d29UYkp3YzBFZ2dfMmtaSmU5WWxoWFFiZWFpOFBpYkhOUFFocmxoc0tOWXhlVVo4bmpHV1dpVS14dVQ5OEFFRmlSNHZFYlZ6TGVyUzFTTC0xd3hvbF9CM3dtb19vWFdpdFhYX3d1Slk0LU9YaktmUzJMbVJSSWFpOWNHcHVHb01JUm5JdmpsamdUUlI5S1ZMTnNJME1FM2FNS2luLWtCbEVISUZ2WHU1VUs0Q19hNjBNNDF1QzltSDNMNDJmYUN3QmZ2V002dEU3TDN6cUpDYlI0ODhlSkVqdWh0aEJoNF8zb0ZhQ0ZnU2FzNnA3aFVhV3FPMkIwRFJwLTI2RTduNmZxN0FBYlRQMWJhWnNIQWRrdmUwdEJlUS04WmRXSQ?oc=5
185,2026-06-08,rudawarabia.net,حياة عدنان الدليمي في سطور - rudawarabia.net,https://news.google.com/rss/articles/CBMicEFVX3lxTE8yS2FVQlM2bHhMUlpTbENuZE9HLWE3bnVlVW5udWhGNE5tNldDUUVWU3VEVTg4dGlWTUVFYVZhX2ZwdjhZNGZfUXlQZjNyZ2ZtenJjcU5TZmdFLVVPNVBPRlczR0tsZmV0aERibUUtTWU?oc=5
185,2017-05-03,الجزيرة نت,من عدنان الدليمي؟ - الجزيرة نت,https://news.google.com/rss/articles/CBMizwFBVV95cUxNa3NPQnoxZVNsSzU2V1laSXcyWU5LY1dUUTNCUzEyQTlBSjZnbHZoRXp0WE5Qc2g0ejZkZndMdHlITTNsNnhhOGFkd3lYT3hVSzFoTWdWTVpmUHVkQnZFVDY0ZlQwd245SDg5MGNxZDVFVmpyc3FfdXcxcndtZEVKczkwRS1BVjYzeVc2X1pNTjB4X181bkEtTTZEYVpSNTlZM2NBOENpYmZkb3diUHlWYTAxT0FYazRscUVjeU9oWlluSjFRWTNnMWZVRGFYU0XSAdQBQVVfeXFMTkR2ZDQyQ2ZmeXBTSGlHbEszWmNQeTRCQ3ItcWxlZFEyNzA3bVI4NGtnZ3pycUJsUlNIcko1ajBROVlaOElBSzZXRUo5MldVN1JWSVlSYjZXREVjQ1EwV0REQnVsUzlPQXNkdnBOLUE4OG1fNUV6a3dGVGQxOXNfVkRRSFNIeEVNU0YtWVB4MERoWDBGa1ZrYWNWTnhqV09JeU9EX3pQTS11cFBYS1JYOFVIeUVOSnZDa0tJLXNuWnpjZEZ2a0F3a0VBOFFybC1sWnRzUkI?oc=5
185,2017-05-03,العربية,وفاة السياسي عدنان الدليمي في أربيل - العربية,https://news.google.com/rss/articles/CBMi3wJBVV95cUxNay1VT0lxQUh6SkU3RHY2THpPRDdOa2s3MWVEdWgtQ3FEdlViU2pUOGpfVnRwZV9PTjliQjBWWUJPMkNYTUVvOEZPd1BTMXU1bFhaUnlxX09pRjhHVm1pRTkteVVaUTVwckplTWRieDF4VTlvbjhwbGRrZ2I5SDVwaGRYLUp6b3dYeVZmdmtEOF8tUDBTOFN3RmE5VVRQYnlkckxWWHpGMGg5bUJBNzVuUl9PNXdkZFcxRFZmWnF5N3RQRGI2bWtpQXZTQUduODN4d3ZnYlRXMlVZTVZaTjJZekRhQUp4WWdVUUFjajU1cE5zNlhQcTFIZ2J4cWhDWkhHQURXM0hpVG1SYVBDX29GVEdMOGQzRWdqZlp1eWpFeklQeXJycGktczhnU0xKZkRCeE02XzN4S2dnblk1OE5SY05obW9QN05Ia0trazdBWTBGYWVrSGxDTldlcjZ4REnSAeQCQVVfeXFMT1dzZE01SUp6LWM0WHZwWHdrZHZPd1FBVy1ac1o4d0FuU0p2bVN4R3lDMWJCVHJZeEdwTVhJTi1sb05HYkRON01uazBsdVJPMXJ1eWlvSDdvblJ6bUxDeDVUUzdUdy1feWM5a3RtNUxCZUFSTlVMMi1oRHpQbTN3a3hpWVl2WDNuZXV4ZUR5U05TY2JkbHJQLWtwaUx2VmtVVGdRRVF1SVc4U0ZxLTJId1hpbEFzMjlEcG9kWUVZQW1NYUU0WGlwTGNmeFZLeS1VWGl6Q0s5ai1DcGFRdUlaR3o5dkZSVi1pcjctQU9lRjFBb0s2Yl96LXlLbUttY1BWWjNadW5TWTdlaVdGQmNrWXZPVGhWRlgzYmRLRGlybHJqbU5pQ0FVWEtIMEh5aUVnT2RWTFNIcUw2RnlwUkNoa0Joekg2cU90MXBUYlFqNkZWZnN1blpJT3pjOHdXSV9ZZXhfQ0I?oc=5
185,2017-05-03,موقع 24,وفاة عدنان الدليمي في أربيل - موقع 24,https://news.google.com/rss/articles/CBMiQ0FVX3lxTFA2NEI2RTRqQ0ttSlI4aTlNSW5VeDFaZ09GdUMzUnRSd21lamdvU2RDdVZQbmM0LVNQMnl6TWxhWUVvblk?oc=5
185,2014-05-18,CNBC عربية,الدليمي: السوق الكويتي يترقب البيانات المالية للشركات - CNBC عربية,https://news.google.com/rss/articles/CBMizwNBVV95cUxPWFRYdFpyVVRab25FcEtETkN5MnhheUxLWTJDcjJXZDg5Q20yb0tuNHRucllkd3RmVEU0M1B5b2Q2bFBBbHBNUW9ZaVdoWVEtY3I3RjFTUDlMaTZNbTNtOHRqYmRqVVRMRGU2LXF1VmdhSnBiQUtUUUVnU0tSR1lNclhUQ1dLRHhYU0FoUExkMmRxdDJrY25wbVpkRjkxYXlWbGk1QzlSWExhSEUycU5OSTVNSXRTeW5kRy1LOG5RSFhKWDdOS19kaWVtZTE5UHZndnFxa1FxcnNIUnVBcHpHc0g2UWg4Q0QxZDRHNG5ZeFVBaThCUFkwTmJYWEpMX2VudmRubDIya3BRRENPR0FZWTRnLTloN0RfZmZHMTY5TFNDa3Y5SDk2Sng5dnNiN1VFc2VkOGxtS0lCcHN0bEs5RzJQZ1FVODMzX1NYcTB2SVdNVjJqYkZzZ2JIMDBDWjhmdU9tTkdrQlFhMEtDMXptQTY1SnJKeXBnRWdaTWo5LXE1MElob0lVYmN6UGZsOGFiUFpjOWMtT1B3V1g4UFNOLW0zaEFoQksyYlVRaTNkX0YwVXBDeWE2T3RMVURMUVRoQWNGNXdFYWdxTjZtZG5N?oc=5
185,2017-05-03,الجزيرة نت,وفاة الداعية والسياسي العراقي عدنان الدليمي - الجزيرة نت,https://news.google.com/rss/articles/CBMizwJBVV95cUxNWGR6eVhEUWxBOUpocTFqRnBMUHcxSFdhNkNlMjMtUk56WEJOYVVMdGFYWTIzVnZlc0VTRW1HQllDMjFuN3A0NDdQRnVoM1hlemNsc0s3c1ItNHh0X3J2b0ExUU9ZSEh6ekMzNVJNS0wzd2pOMndnY0ZDcGJjOE10R1p4OWtWd2U5S2pXeFBBZC1TWjdHbUt1T292ZzlNWlI5aGRLSTU1LVE2akhRZTNJa2lidXdPQVN4cEx3QmVOSDdGbFdubWM2NlZzLWdHQ0syV3lXTHp1NGVRN2RPQXhuOTRhb3hYRkU1VUZNZUUwQXA3a3NvanlJTU1GM0t4X2QtX0tTa2lrdXJKaHlXRHpoV2JVc21CYWtDUlktR09BWTdjcVJ4X1NlRXgwdk1SMXE5dVVybF96LVZBbzZ3cV8td0NZZXoxQzd0Y00wNHRUUdIB1AJBVV95cUxNWmF6dmlLaERrUmpVNmd5R2pjXy1OWm9EQ1JuQzJaclZZc3J5Q2dZR3cyMHFUYWw5QzVZcFhWYzd1V1EzU2kzUGptVWZEX3hNbldKaHQ3TkNoaG9nWHRXT0lhZDJhNTBoUXZXTEVCd2VGcU9kQlJSM0U3LXhTM0V3NTdybTQtTmRUalUyeXJuTFp3SWR5VFI1cGwwWWFBTGZWV2VwZk5XOXZTeVNFMWlWaGJqSXR3MDBIcUxKTmZ3bWVObjV6Mjc4ZUlWQUNVQTlsVU1fVFFsMk1GQTVRNkFCOVpKd2Jhc1U1MkZmTlB6N3pTNms1Zkdqa0M3bmVMeURRRE5fQWNNWTdkMGNla3hhN1laUnhnQXB3MzFkb2p3RG1LcHhGM1NSSlpCNXFkM2gyTXBjbnZBazhNNWJISTVOZ1pySTI1UTlmVUtCNlk3RHVvUmwt?oc=5
254,2026-06-21,اليوم السابع,سقوط طائرة مسيرة قرب منزل رئيس البرلمان العراقى - اليوم السابع,https://news.google.com/rss/articles/CBMiowNBVV95cUxOQnZxWE9hSFhNdlZFeDJtUDd6ZGVKb3RhZjlCQ2lMX3IyTjU4VG44RkFOYUlKZEI1c3ZNNUp5NGx3U3phSmJENEMwQ2ZsQTJ6WFk4OTJUUHBHZ3JrMm9vTE0tZ2dvZ0g1NlFEMGF3Vk0zemZLeXV3WGFhYlhKMmZ2Sm5uR3l2eEtuRVh1Q291cHBVMVBUcXVCSmdGVUwzdDVBaXdjYzdXeXhVdEUzcmx3QWZYT0dwN25kcXY0bHZzeU1ZaGktNTl3eUpFWDdVV3J0a1lBa0JKTXg4Y2F0Sy1XSkllRXBWdGxOUXd0Zm9qVEQ3djJGSTZ2UkpuS29DTjl2dkpfdEYzNGM2bFVZSm00SklmLXhBN0x0M1lUbVlMLWFrbHlkVU9heS12NGxjRmQ3bExlT21hbG9aaGlURE1pSHdUUF9VenZkQnBPdVBjY0pZRnBGc0YzdmRlbmRVUnA1NGxFVGJodnlhWWRrdlNIOFJiajNGcU9KYWY3eWxwYkwwcEE1TUhCSGZPTVBVQmFYckk0RmdudmRIaVZlOS1xamhlUdIBngNBVV95cUxQVEdxcFJaT29BaHdnU2phRWxMWkJMRm4tb2xWVG0xX3czT0RIOXFDRlBBYlpDVEJYNVprOE1Vb29odTNBdlJ2NldmQi02M3NaVU9yTkctSEdpOXFDMTVrbFBId1BKbGZwcFF5U2JSQWNZaTUtWllSN2JIV1NhNUtPWkotNUlCcTNVQTJ2VEhfcHowcFRQbU9zdkRLOFN1bm5ZcWxXQ0p6bXZfUEJraFlERUlxQTctQjVwWUVFdUV4S2JjTTg5TGZsLUowSGJMZmxZN2g2aVJSbm5GeklQYXI5aTJGa2ZEcUFmWG5fYzdNNm1QcF84Wk05bk43TVNRVFEzM0VINnFVX1Q4X1Q2RkNNbEk3Q3lKT3laaU03MUNZSG1RQVVEMmRFSEJGTDdsaDB1c2hvb1R0RjVZZVZpS2FIOUNBZlZmNzJTWkxsWC1hTnZCNTZLWUNtUE5UNnBzdHFoOW4zSVl1Rkhpckw3VWo2b3pyTjM5dGg0QndNREVmZ1lwZ2ZhRURxcTlxMjhwTEd0Q1NEa25EN1BqNGJhX3c?oc=5
254,2026-06-20,Kurdistan24,"سقوط طائرة مسيرة من طراز ""شاهد 101"" قرب منزل محمد الحلبوسي في الكرمة - Kurdistan24",https://news.google.com/rss/articles/CBMigwRBVV95cUxPVV9zT0hDR1h1QzBuYnZIdlA2b2FmMGNyNGFzRW9MR24wMzIwYUs1RnowVlF1cHp1UnBZRE9BQ0trZ2Q2TmkyWUxIUWV6S3dTWlVGSWxDZ2ExYjFYYjFYRVVMYllmd1JKYXMxd1VTN1otYUF3QVRwcGVKZWMzdVg1elRrSnU4XzIwX0xjOHdSS1JVa2lzYmx3SUdGSGdxVHEwUFBWcWUxbGxlVnhNbG9ES3VZRzQybnVmMWRBcXl0cGgwTEVRcTNRLXF3aU9SQ1dVd3RuZnBVd212V0p5WXk2UWNyUGViVkl0dU54MUxoUVdsR3UwSjYyS3FUdG16Y3JES2hyVDFaSWVOc3prSWhsNnF2RW5Idkk5YzhuOHVISEpwX21neUd5ZXRyNFRXTk02RHc0N0VodnpDdndZMDdLcjd6VVpNQW9BbUc1Q0xrMm4zWGY4bEIycUhUUVIyYzR5RVZSVjZLWml1Y1BKUFk4a01MWU04STNSYVNrMEh5MzZRX2xaMy1sRUc0V24zeGJOTTcxcFBqR1VTSmdvSDduNGtyVkNDWU43ZER3TkZ3YkhLeXg0WGE2bTVKTGNSd1RaOHV3N2xZem9mcUJxUnZYUEpFeEJmd2Fsc0hDY2pweThQWno2bk9KN0xCdGtHYkhXaF9zMUNmdllncGNGVDN1NjNHMA?oc=5
254,2026-06-22,جريدة القدس,سقوط مسيرة قرب مضيف هيبت الحلبوسي في الأنبار وتفاعلات سياسية - جريدة القدس,https://news.google.com/rss/articles/CBMiT0FVX3lxTE1wZnBLVk1QMXZGSHdDeEx5aUpSaWdrZUdrS1RubkZ1Q21kRWhBMF9zSlR0WU5TUzRjWE1EdHBweWVDd0ZDbjlTbWt4azFEQWc?oc=5
254,2026-06-22,المعلومة,النزاهة تستدعي مسؤولا برئاسة الجمهورية وقيادي في حزب الحلبوسي بشأن سرقة 7 مليار دينار - المعلومة,https://news.google.com/rss/articles/CBMi_ANBVV95cUxQOTdVR0pJWmJWRlZoRnFIQ0dMTlI5enNrRWJPY2ZmLUlia2NQdnRGUVdqWTNjNVNpQWUtMUFURGxoTE9uenNMd2k1ZHd1YnpSczBGbXdjQnN0TlpmYTBMMDhjMTFtaVR1NWpLdmhLV3FiY3JTaWZMYjZ6bWlfVEZmVDE4eGFiU3p0elBjUDdTNk1oUGxiNFdtRm1jdDZMcm9maE9LY19BNmhWZ2VvQWctdmx2RFpuZGNkTktvM2cxNEpUbTZ2LXo4WFMtOEFUQW9SMmpwZ3BRWDRoMUFYZTA5azhXS3R0dlZROUw0RWNYb25adjhSUzlXMWRBeFktUVV1enJnUGZzM09MbVBLakNsU0kwcWttV2RiZkQ1d3NVTWZOMjA1eG5lTE85dm5SM01SR1VSWFBZd01FOTVGeFNMSVByQUk0dElyQ29UdWZSM01GZUhWR2xfYkNlMHUzREM5WTRLZjQ0YTNjRHk0bGFiTTVtQjQ5VUpSQnUtUWprTWdaNHF3WXJPbk8yMzd1M2p6TDVYQUh5MFNEWVlxSWZaNFBpTmlJd2E1RDA3d3h6N3NhZDRGc3V0eFNzYnNlRS1Ha2piSl9CTkVTcWxjRElpSFJYWGFLV2pHTDJXc0ZJWGlta1ZjVDd3Tk4tM1FEMUZ3NXI2cGFrZURpeUp1?oc=5
254,2026-05-24,Republic of Türkiye Ministry of Foreign Affairs,استقبال وزير الخارجية السيد هاكان فيدان، زعيم حزب تقدم العراقي السيد محمد الحلبوسي، 24 مايو/أيار 2026، أنقرة - Republic of Türkiye Ministry of Foreign Affairs,https://news.google.com/rss/articles/CBMixAFBVV95cUxQanQ3Q3pmTTU4ZlBxT1lVY2hYMGhTcWx6NlVIMU8zRElfdnNVVjRtTU0yZXFJZlNaRDRfZG9SYkNpaTdzTDJEQ0x6akFvUDlVVG9YQUlYV1ZmV0xtY3drenpKRTQzM1dWZkw1N25LcGNiNGo3QkNBUjJnd3JVUXZjNF9GcTNhZlVsZVBVQXV2RmU2RlJLWm5TR3JRS3BTc2s1OU1ya2VkbGFKNlA5TGdwMDRFZy0xSVBuZmdFNTBGSC1LOGZz?oc=5
254,2026-06-21,القدس العربي,العراق: سقوط مسيّرة قرب مضيف الحلبوسي يثير عاصفة غضب - القدس العربي,https://news.google.com/rss/articles/CBMixwJBVV95cUxPUC1TOHJsSE1kQXJGSThYTzJqNGRMSVIxV1JJekxjcVFrdHBZS1ZGak15U3NkZ0VVUzJEdjNwbUotWmxEd2FOd0NDRDVyN3JfQmRZa2Q0SkszZ1RYYXNEc0JTNTdXZHh0R1JxTDBycC0taE5IenI1YmpLMjRfZlVBTXY3NGFsbHNkUnMxN0FaUXlsR0JTZ2pITWhyRkZoYkxhQzFPMUFFOG5ZS1R3RXViVS01NjFnSmJSTE0ySlZtUU43VUlKVWFfbEVkaV94SG13b2JiZkpKVmFaaFlTajRQaUNWeFJSQlNKSjNXQ0ZRaURScDNNRlRBTHVRZnVuV01xa29qUGp6a0dib3BiNjh0UUR2ZXJ6c0xVektURDRSS3dlUkhFTDUySmlmcjg0RjQyelJRN1hlSExKajhlXzFiX3ljc2g3VmM?oc=5
171,2008-06-19,annaharkw.com,6430 طالباً وطالبة استوفوا شروط التخرج في «المقررات» - annaharkw.com,https://news.google.com/rss/articles/CBMieEFVX3lxTE9CVE04NXNVNDcwYzdRV2Qza0VkVFc5TU1KR1JPOUpZR29ZVHBaSXFZWkl4WjhiME9QYzl0Q3JrYV9BSEJsZkNXSlk5SEs3WldTODB2N2taZ2ZTRkx4SmxGUVRPZktHaU85WFB6Tk54X3FCOTJSVXJfTw?oc=5
171,2009-03-21,البيان,«زايد للإسكان» يعتمد 665 مستفيداً من القروض و191 من المنح - البيان,https://news.google.com/rss/articles/CBMiaEFVX3lxTE9iOHR3QnUyYmJfYzFxcTVQZW55eUN1RlNGOXFPaFl3T2tOczdUZkhlYkNnQ1JyTGlSQVhyV3p5NmZsQkJBdmJJTFhrdFlSUWh6bGllU1VzMlFzSlFEcG9DNERUU1B1aWNB?oc=5
171,2013-09-27,جريدة الأنباء الكويتية,أسماء 4300 مواطن ومواطنة مرشحين للعمل لدى الجهات الحكومية - جريدة الأنباء الكويتية,https://news.google.com/rss/articles/CBMi3gNBVV95cUxPaUdBeFBYVUwtTjM0dWI5aTBlVEE0VkVmamZvRldnMkNpaXRNM3BkRERuZlIzVkRTam1NTHFlV2QzcVRWcGhERm9DX000MjNRY2IwVElSMy05WmhYS0NVTTJjalFXMEhFV0VoRnc0eXB0TmlaMWRtdWVZcWFHaVJLLVNKRVlLMm8wM2s5Y0dqbEk2cTZrVE0ta01UNXA1eUJXcVY3Tnc1ai1mY2loci0tSVJ1MHlXMDluVnY3SnZBZ2ZOZUg3S0g3eTNyZmdXZEdlVXk1dGNxYThfRFZWSnZfcWdWOFRiVU9Cem5YOWFIVVl1cFBhMFVjaG1WcUQtVHpwOVVXR0F1TDNsUzl0TjFVWjNqYVFCcFBIdWt4OWVFMDVCbHBzUmRGWXNvaHlQUWQzdG5pMW0yYl9YbUE2SmVZaWh0bUdDcWVvY2R5UE0tdmx3NVNHNS1iR01JQ3h0SmJrMUxxcmFoLWM0enkwM0NRbDY1M1RqWUpTb2tGRUlmXzEtODFFNmZwVnQ1dFNZNl81ekJlbmY2bDRORGROZ3ctTFJJNnU5UWl4OExMMlI2UVFmMkpJeHUtUTViekRJWHJWalF5RVhDVTY2RHo4RmtYaWpKWWp6aDlfSThzSGJ3?oc=5
171,2013-09-26,alwatan.kuwait.tt,الوطـــن الإلكترونية - alwatan.kuwait.tt,https://news.google.com/rss/articles/CBMilgFBVV95cUxNdW8yMDVhOGFWNkxwcW1ZbDg0RUFBYU9mOU84N1g4d0NVbHNWcGxiNmc4VVpJcldUcEIzd1c5c3psOXc4U004bElkcW9USVpiRnV3U2w1WmJYemJTV0t5eDk2elMtRU5rYWFCNXlCeE81RnpJSS03STdibG9majI0MWtKeHdCa1RYeFNSajFHV0FXbVd6WGc?oc=5
171,2023-01-07,annaharkw.com,التطبيقي تعلن أسماء 4140 طالباً وطالبة مقبولين في الفصل الثاني - annaharkw.com,https://news.google.com/rss/articles/CBMiekFVX3lxTE9TbVp4Wjk0NVVZNnRSRG5KSkFacHlJQjdsdm9UWnBuZkotMEdFLVg5eTZ3RjF5a2VUcVd3UXA3cUw0LV9QdTVrZjhlazlZdzRfY3o2QS1mcWtWa2pWUnNIUWlSdUFxN080bkNlc0hQMnFVSmFCZDBGUlJn?oc=5
171,2026-06-20,بالجول,مباراة المغرب ضد هايتي في كأس العالم 2026: الموعد والقنوات الناقلة - بالجول,https://news.google.com/rss/articles/CBMixgJBVV95cUxQYU42dTRQWlUzd1hwaGxGOHQ1eDAxWDVaaHlaUGgta01qQ0FQbmQ5NDNUdjhNcEpWUW44TGVabGRqNUxjMVBUMDlzS0JGMjJGcEJRZFQ1NUI1UlJ3ZS16eTk3eUpLTzF5TFdnLVp1MjNkNGw3WUVMV1oyTjZOV0lFeVRxS1pWYU9JbU5paUNhVXBkdmtmRjlUMG9jWWZBYXBqYU5VYWYtdzhuTFNqcEtlUXJLa0cwR0txb1VPXzlVcWF0MXNQcnFPSU5kdkY5cGlpTmxfdFJ3Rlh0bWh5QkllZzBESFliT2FIOUs0aWlhaWNHV2RJV2dRdXJWVWY5cGtDTlBwQjFhMktXZDlPWWNTYkZUQTRiSTVNS09XN3Z4QUZYdkgwQTY1TE1POU9ZT1BibF9JMXdSVElVMU5VMmtZVlF4elR6QQ?oc=5
49,2026-03-05,Kurdistan24,ميسان.. شقيق نائب في البرلمان العراقي يفتح النار على مواطن أعزل وسط السوق - Kurdistan24,https://news.google.com/rss/articles/CBMiVkFVX3lxTE5kdkZkNEh5RnU0SkdEdmlxcVhWLVI2dFBfNW12X0VKQTRrQThwV0J4bzV6bVNCdUkxRzNscktsaWVMMmVILUx5TTdJUWJtX3BtSExKcTZR?oc=5
49,2026-03-05,باسنیوز,(بالفيديو) شقيق نائب في البرلمان العراقي يطلق النار على مواطن أعزل - باسنیوز,https://news.google.com/rss/articles/CBMiUEFVX3lxTE5oSjJtWmktMGVFdXIwcU9UYUxBQW9STHZQUXNmd3FyNnp5ZDdBTlFVcVVWMzQ0c05iRmI1MFhLc2Z2SEphMU5fWWRpejNCMWc3?oc=5
49,2026-03-05,وكالة الصحافة المستقلة,إصابة مواطن بإطلاق نار خلال مشاجرة مع النائب بسام الزهيري في ميسان - وكالة الصحافة المستقلة,https://news.google.com/rss/articles/CBMixAJBVV95cUxNeVpoYk1JR3owODFJUFVqUE5sOXNEUF9OeDlzZmo0ekl4TlBLOF9FTTFZaFR2YkhBRnY1YUgzYnVxRlhlTXNfNFh2OTc5QmVSeDA2clAxUm04cW5obER0UW1GREJva3ZtSEw0djFJeGo2TG1FeXpRV2Zma2k3RzQwN1FCTXdoNWhldDI0ZjR3U2Q0RXlLZlB0dTlXMDlVNVl3cGxJUXJieVYzNUg5UDhDVk1HUjZNcEJacUF0c29WOVFWMXlVYy1ySEE5ZGhFUjNDZVF0WTYtZFRQRmVBRkNQTEtmREpiMXpENmhqeGpsMUhsQ2VHZ19FWDZmTlVsV0NBMEJ5RVhDeHdHd3ltbjNBWFdzZFFTblJyejZVRzZMc2dLYmpORFZRQ2dvbzRiSFdsU2R3WXZYeUMxU3JxaGxxaEVGNEM?oc=5
49,2026-03-05,شفق نيوز,مشاجرة مع برلماني تنتهي بإطلاق نار وإصابة مواطن في ميسان (فيديو) - شفق نيوز,https://news.google.com/rss/articles/CBMi-wNBVV95cUxPRXBIalVhSnJiai1BM3pZd1JCYUVSa3JZWm1TWS1vVmVfdG1uN05vVkZPUnlrNmdjTU41RzN1UGtmN3UzS2NFc2RLY3g1eW5aa3ptcDVHa3JtbS1TNDFIbmFubEYyQnpmVndYUXd2UjZRNmEyaFZFS0luRnRzRGVwNkZjbnV4cTlEX09JWGJ0c1ZDUE1iRVI0WjJxZ2JtWmt6OXVzWGFNNFhvZzEtOVQ0NlE1UU1KTzhsakNTdGM5Y1NleFNiaXlfWVNtSF9JZGZLN1ZMQmk0UER4TnY5TjcxTGtRZjF2MUdrbGVsZ25qVWE5RUYyVkZBeFJtUU9DMzBiZ3JudTRUcmswd3FRZmVNekQ2M2lXUE1VcEFjVFhueGpIV3dvV1l4Vk9JUHFIY3V1dFBlTzdmWG04N0c5ZzB1dG03SUVTM2x1VW9IdE5ieUxpU3RDOGpVNC1fU3RVLTY4RDRlaUpjRjVnUU1LbkZlMmxKNlpSbVhkQkxCVUdkWjAwcV90UmVjMl9kVmc1TXFScjJLcV9IY1lsYmx5N1hSa1Btem10RlBWRC1oVGY4Tk1PQXQ3Smt4QkdnZlJjOHpXZTdndUUtOEFZMlp5QmlDV2xLY2FfdTRvNk9STWtOMElQbWhseFFuWVZ2Y2taQmFZYU5SNmtlLWNxckk?oc=5
49,2025-03-19,جريدة باور نيوز الاخبارية,بمشاركة القيادات الأمنية والتنفيذية والتشريعية ..الإسكندرية لتوزيع الكهرباء تنظم أكبر حفل افطار سنوي للعاملين - جريدة باور نيوز الاخبارية,https://news.google.com/rss/articles/CBMiREFVX3lxTE9QQVpRdFdVY0NoU1ZHb2Z2cGFwWnFDVmc0MG1LMjhqQ3RKNUtkSHB5YVBpWW5zMzlTSjREUXcyc0d1eENl?oc=5
49,2026-05-17,الموقع بوست,استبعاد 19 لاعبا من معسكر منتخب الشباب - الموقع بوست,https://news.google.com/rss/articles/CBMiUEFVX3lxTFBfY3cxcVVLdk1kSXlnUFBRSGlidUltc0REZzF5MXllX3FjaHNEUUwxczk1anRkb3o2TFlURlNCMU1BZi1pZldDemdLTC0yVE1i?oc=5
